{"cameraMode":{"drawMode":0,"name":"Shaded","section":"Shading Mode"},"sceneLighting":true,"audioPlay":false,"sceneViewState":{"m_AlwaysRefresh":false,"showFog":true,"showSkybox":true,"showFlares":true,"showImageEffects":true,"showParticleSystems":true,"showVisualEffectGraphs":true,"m_FxEnabled":true},"in2DMode":false,"pivot":{"x":-0.226706862449646,"y":13.078828811645508,"z":-4.575956344604492},"rotation":{"x":-0.5635864734649658,"y":-0.014373830519616604,"z":0.00981093104928732,"w":-0.8259004950523377},"size":0.4330126941204071,"orthographic":false}