{"cameraMode":{"drawMode":0,"name":"Shaded","section":"Shading Mode"},"sceneLighting":true,"audioPlay":false,"sceneViewState":{"m_AlwaysRefresh":false,"showFog":true,"showSkybox":true,"showFlares":true,"showImageEffects":true,"showParticleSystems":true,"showVisualEffectGraphs":true,"m_FxEnabled":true},"in2DMode":false,"pivot":{"x":0.03348085656762123,"y":21.90871238708496,"z":-1.6903886795043946},"rotation":{"x":-0.6851577162742615,"y":0.00043590529821813107,"z":-0.0004083798557985574,"w":-0.7284097671508789},"size":0.642825186252594,"orthographic":false}