{"cameraMode":{"drawMode":0,"name":"Shaded","section":"Shading Mode"},"sceneLighting":true,"audioPlay":false,"sceneViewState":{"m_AlwaysRefresh":false,"showFog":true,"showSkybox":true,"showFlares":true,"showImageEffects":true,"showParticleSystems":true,"showVisualEffectGraphs":true,"m_FxEnabled":true},"in2DMode":false,"pivot":{"x":-0.02086777053773403,"y":-20.56648063659668,"z":19.625600814819337},"rotation":{"x":-0.4053075909614563,"y":-0.002194942208006978,"z":0.0009768839227035642,"w":-0.9141947627067566},"size":15.564383506774903,"orthographic":false}